Name,Email,Phone
Ava Hall,ava.hall@sample.org,0426430310
Thomas Kelly,thomas.kelly@test.co,0458848118
Alexander Smith,alexander.smith@demo.net,0410994751
Sophie Martin,sophie.martin@sample.org,+61 477 145 264
Noah Lee,noah.lee@example.com,0471 174 437
Ethan Hall,ethan.hall@demo.net,+61 439 102 558
Ava Clark,ava.clark@mail.au,0446927416
William Harris,william.harris@demo.net,0402954468
Olivia Brown,olivia.brown@demo.net,0453650691
Henry Clark,henry.clark@sample.org,0424938387
James Nguyen,james.nguyen@mail.au,+61 471 986 756
Leo Williams,leo.williams@demo.net,+61 435 572 037
James Martin,james.martin@example.com,0498963143
James Anderson,james.anderson@demo.net,+61 478 541 666
Alexander Harris,alexander.harris@example.com,+61 417 589 438
Harper White,harper.white@mail.au,0437862973
Ethan Taylor,ethan.taylor@mail.au,+61 421 647 388
Leo Anderson,leo.anderson@sample.org,0458 172 012
Amelia Hall,amelia.hall@sample.org,+61 466 825 318
Henry Hall,henry.hall@demo.net,0463779907
